played,home_team,away_team,home_alias,away_alias,homePts,awayPts,winner,totalPts,home_passing_yards,away_passing_yards,home_rushing_yards,away_rushing_yards,week,season
True,Jaguars,Packers,JAC,GB,23,27,away,50,300,199,48,95,1,2016
True,Titans,Vikings,TEN,MIN,16,25,away,41,252,236,64,65,1,2016
True,Texans,Bears,HOU,CHI,23,14,home,37,215,185,129,73,1,2016
True,Cowboys,Giants,DAL,NYG,19,20,away,39,227,203,101,113,1,2016
True,Falcons,Buccaneers,ATL,TB,24,31,away,55,322,281,52,90,1,2016
True,Ravens,Bills,BAL,BUF,13,7,home,20,225,95,83,65,1,2016
True,Broncos,Panthers,DEN,CAR,21,20,home,41,159,176,148,157,1,2016
True,Cardinals,Patriots,ARI,NE,21,23,away,44,252,257,92,106,1,2016
True,Colts,Lions,IND,DET,35,39,away,74,368,332,82,116,1,2016
True,Jets,Bengals,NYJ,CIN,22,23,away,45,188,324,152,57,1,2016
True,Redskins,Steelers,WAS,PIT,16,38,away,54,329,290,55,147,1,2016
True,Saints,Raiders,NO,OAK,34,35,away,69,419,319,88,167,1,2016
True,49ers,Rams,SF,LA,28,0,home,28,170,120,150,65,1,2016
True,Eagles,Browns,PHI,CLE,29,10,home,39,270,168,133,120,1,2016
True,Chiefs,Chargers,KC,SD,33,27,home,60,330,233,83,155,1,2016
True,Seahawks,Dolphins,SEA,MIA,12,10,home,22,240,150,112,64,1,2016
True,Bears,Eagles,CHI,PHI,14,29,away,43,220,180,64,100,2,2016
True,Browns,Ravens,CLE,BAL,20,25,away,45,242,302,145,80,2,2016
True,Raiders,Falcons,OAK,ATL,28,35,away,63,299,389,155,139,2,2016
True,Cardinals,Buccaneers,ARI,TB,40,7,home,47,311,221,105,85,2,2016
True,Steelers,Bengals,PIT,CIN,24,16,home,40,250,366,124,46,2,2016
True,Redskins,Cowboys,WAS,DAL,23,27,away,50,350,278,82,102,2,2016
True,Texans,Chiefs,HOU,KC,19,12,home,31,254,172,97,119,2,2016
True,Panthers,49ers,CAR,SF,46,27,home,73,353,237,176,65,2,2016
True,Bills,Jets,BUF,NYJ,31,37,away,68,307,370,86,123,2,2016
True,Giants,Saints,NYG,NO,16,13,home,29,353,247,64,41,2,2016
True,Broncos,Colts,DEN,IND,34,20,home,54,266,170,134,83,2,2016
True,Lions,Titans,DET,TEN,15,16,away,31,238,224,137,139,2,2016
True,Rams,Seahawks,LA,SEA,9,3,home,12,219,239,64,67,2,2016
True,Patriots,Dolphins,NE,MIA,31,24,home,55,302,387,161,70,2,2016
True,Vikings,Packers,MIN,GB,17,14,home,31,254,180,30,83,2,2016
True,Chargers,Jaguars,SD,JAC,38,14,home,52,207,319,150,69,2,2016
True,Bills,Cardinals,BUF,ARI,33,18,home,51,89,260,208,88,3,2016
True,Colts,Chargers,IND,SD,26,22,home,48,317,315,93,37,3,2016
True,Dolphins,Browns,MIA,CLE,30,24,home,54,311,261,115,169,3,2016
True,Giants,Redskins,NYG,WAS,27,29,away,56,337,313,120,90,3,2016
True,Packers,Lions,GB,DET,34,27,home,61,201,368,123,50,3,2016
True,Seahawks,49ers,SEA,SF,37,18,home,55,291,119,127,135,3,2016
True,Jaguars,Ravens,JAC,BAL,17,19,away,36,168,199,48,84,3,2016
True,Titans,Raiders,TEN,OAK,10,17,away,27,212,245,181,123,3,2016
True,Patriots,Texans,NE,HOU,27,0,home,27,97,175,185,109,3,2016
True,Bengals,Broncos,CIN,DEN,17,29,away,46,189,303,143,52,3,2016
True,Buccaneers,Rams,TB,LA,32,37,away,69,389,183,83,137,3,2016
True,Chiefs,Jets,KC,NYJ,24,3,home,27,221,188,72,117,3,2016
True,Eagles,Steelers,PHI,PIT,34,3,home,37,301,222,125,29,3,2016
True,Cowboys,Bears,DAL,CHI,31,17,home,48,248,312,199,78,3,2016
True,Saints,Falcons,NO,ATL,32,45,away,77,359,225,115,217,3,2016
True,Panthers,Vikings,CAR,MIN,10,22,away,32,201,153,105,58,3,2016
True,Patriots,Bills,NE,BUF,0,16,away,16,187,244,90,134,4,2016
True,Vikings,Giants,MIN,NYG,24,10,home,34,262,261,104,78,4,2016
True,Bengals,Dolphins,CIN,MIA,22,7,home,29,285,160,77,62,4,2016
True,Falcons,Panthers,ATL,CAR,48,33,home,81,481,329,90,49,4,2016
True,Ravens,Raiders,BAL,OAK,27,28,away,55,282,199,130,62,4,2016
True,49ers,Cowboys,SF,DAL,17,24,away,41,189,234,106,194,4,2016
True,Bears,Lions,CHI,DET,17,14,home,31,294,197,114,66,4,2016
True,Chargers,Saints,SD,NO,34,35,away,69,308,192,38,83,4,2016
True,Buccaneers,Broncos,TB,DEN,7,27,away,34,143,218,72,89,4,2016
True,Jaguars,Colts,JAC,IND,30,27,home,57,195,190,136,94,4,2016
True,Redskins,Browns,WAS,CLE,31,20,home,51,156,217,145,163,4,2016
True,Jets,Seahawks,NYJ,SEA,17,27,away,44,247,288,58,66,4,2016
True,Steelers,Chiefs,PIT,KC,43,14,home,57,287,270,149,87,4,2016
True,Texans,Titans,HOU,TEN,27,20,home,47,244,196,115,124,4,2016
True,Cardinals,Rams,ARI,LA,13,17,away,30,302,247,118,41,4,2016
True,Steelers,Jets,PIT,NYJ,31,13,home,44,375,244,61,72,5,2016
True,Vikings,Texans,MIN,HOU,31,13,home,44,255,155,96,59,5,2016
True,Packers,Giants,GB,NYG,23,16,home,39,259,178,147,43,5,2016
True,Broncos,Falcons,DEN,ATL,16,23,away,39,183,250,84,122,5,2016
True,Rams,Bills,LA,BUF,19,30,away,49,243,112,102,193,5,2016
True,Ravens,Redskins,BAL,WAS,10,16,away,26,188,250,118,60,5,2016
True,Lions,Eagles,DET,PHI,24,23,home,47,164,230,80,116,5,2016
True,Panthers,Buccaneers,CAR,TB,14,17,away,31,278,202,136,113,5,2016
True,Colts,Bears,IND,CHI,29,23,home,52,298,397,98,125,5,2016
True,Raiders,Chargers,OAK,SD,34,31,home,65,300,351,89,72,5,2016
True,Cowboys,Bengals,DAL,CIN,28,14,home,42,222,249,180,96,5,2016
True,49ers,Cardinals,SF,ARI,21,33,away,54,135,116,151,172,5,2016
True,Browns,Patriots,CLE,NE,13,33,away,46,235,403,27,98,5,2016
True,Dolphins,Titans,MIA,TEN,17,30,away,47,149,163,51,235,5,2016
True,Seahawks,Falcons,SEA,ATL,26,24,home,50,261,310,72,52,6,2016
True,Giants,Ravens,NYG,BAL,27,23,home,50,397,293,38,98,6,2016
True,Lions,Rams,DET,LA,31,28,home,59,265,311,83,76,6,2016
True,Bears,Jaguars,CHI,JAC,16,17,away,33,297,263,92,54,6,2016
True,Dolphins,Steelers,MIA,PIT,30,15,home,45,252,169,222,128,6,2016
True,Raiders,Chiefs,OAK,KC,10,26,away,36,221,223,64,183,6,2016
True,Saints,Panthers,NO,CAR,41,38,home,79,460,303,63,103,6,2016
True,Redskins,Eagles,WAS,PHI,27,20,home,47,263,145,230,94,6,2016
True,Bills,49ers,BUF,SF,45,16,home,61,179,167,313,133,6,2016
True,Texans,Colts,HOU,IND,26,23,home,49,256,231,158,161,6,2016
True,Packers,Cowboys,GB,DAL,16,30,away,46,294,233,78,191,6,2016
True,Titans,Browns,TEN,CLE,28,26,home,54,270,301,137,40,6,2016
True,Cardinals,Jets,ARI,NYJ,28,3,home,31,225,197,171,33,6,2016
True,Patriots,Bengals,NE,CIN,35,17,home,52,358,237,79,120,6,2016
True,Chargers,Broncos,SD,DEN,21,13,home,34,166,220,99,84,6,2016
True,Cardinals,Seahawks,ARI,SEA,6,6,tie,12,311,205,132,52,7,2016
True,Broncos,Texans,DEN,HOU,27,9,home,36,157,131,190,140,7,2016
True,Jets,Ravens,NYJ,BAL,24,16,home,40,189,234,155,11,7,2016
True,Titans,Colts,TEN,IND,26,34,away,60,207,341,124,81,7,2016
True,Falcons,Chargers,ATL,SD,30,33,away,63,256,348,130,78,7,2016
True,Lions,Redskins,DET,WAS,20,17,home,37,250,283,94,130,7,2016
True,Bengals,Browns,CIN,CLE,31,17,home,48,288,172,271,180,7,2016
True,Packers,Bears,GB,CHI,26,10,home,36,303,120,103,69,7,2016
True,Chiefs,Saints,KC,NO,27,21,home,48,214,359,112,104,7,2016
True,Rams,Giants,LA,NYG,10,17,away,27,271,196,74,36,7,2016
True,Dolphins,Bills,MIA,BUF,28,25,home,53,198,200,256,67,7,2016
True,Eagles,Vikings,PHI,MIN,21,10,home,31,138,189,101,93,7,2016
True,Steelers,Patriots,PIT,NE,16,27,away,43,281,222,94,140,7,2016
True,49ers,Buccaneers,SF,TB,17,34,away,51,113,264,160,249,7,2016
True,Jaguars,Raiders,JAC,OAK,16,33,away,49,239,200,105,144,7,2016
True,Colts,Chiefs,IND,KC,14,30,away,44,172,334,105,88,8,2016
True,Broncos,Chargers,DEN,SD,27,19,home,46,267,246,57,123,8,2016
True,Texans,Lions,HOU,DET,20,13,home,33,164,231,105,58,8,2016
True,Saints,Seahawks,NO,SEA,25,20,home,45,252,285,123,74,8,2016
True,Bears,Vikings,CHI,MIN,20,10,home,30,245,201,158,57,8,2016
True,Panthers,Cardinals,CAR,ARI,30,20,home,50,208,316,141,24,8,2016
True,Cowboys,Eagles,DAL,PHI,29,23,home,52,273,194,187,97,8,2016
True,Browns,Jets,CLE,NYJ,28,31,away,59,339,222,68,171,8,2016
True,Falcons,Packers,ATL,GB,33,32,home,65,277,223,90,108,8,2016
True,Bengals,Redskins,CIN,WAS,27,27,tie,54,263,446,152,100,8,2016
True,Bills,Patriots,BUF,NE,25,41,away,66,209,285,167,72,8,2016
True,Buccaneers,Raiders,TB,OAK,24,30,away,54,168,498,102,128,8,2016
True,Titans,Jaguars,TEN,JAC,36,22,home,58,280,322,214,48,8,2016
True,Raiders,Broncos,OAK,DEN,30,20,home,50,179,266,218,33,9,2016
True,Chargers,Titans,SD,TEN,43,35,home,78,268,313,208,80,9,2016
True,Buccaneers,Falcons,TB,ATL,28,43,away,71,326,325,70,136,9,2016
True,Ravens,Steelers,BAL,PIT,21,14,home,35,224,241,50,36,9,2016
True,Browns,Cowboys,CLE,DAL,10,35,away,45,177,255,45,168,9,2016
True,49ers,Saints,SF,NO,23,41,away,64,393,323,93,248,9,2016
True,Rams,Panthers,LA,CAR,10,13,away,23,280,185,59,59,9,2016
True,Dolphins,Jets,MIA,NYJ,27,23,home,50,137,191,137,140,9,2016
True,Vikings,Lions,MIN,DET,16,22,away,38,259,214,78,97,9,2016
True,Seahawks,Bills,SEA,BUF,31,25,home,56,245,263,33,162,9,2016
True,Giants,Eagles,NYG,PHI,28,23,home,51,248,347,54,96,9,2016
True,Chiefs,Jaguars,KC,JAC,19,14,home,33,169,244,62,205,9,2016
True,Packers,Colts,GB,IND,26,31,away,57,289,270,116,85,9,2016
True,Patriots,Seahawks,NE,SEA,24,31,away,55,304,324,81,96,10,2016
True,Chargers,Dolphins,SD,MIA,24,31,away,55,309,231,70,106,10,2016
True,Redskins,Vikings,WAS,MIN,26,20,home,46,260,284,128,47,10,2016
True,Steelers,Cowboys,PIT,DAL,30,35,away,65,400,295,48,127,10,2016
True,Jets,Rams,NYJ,LA,6,9,away,15,157,155,139,125,10,2016
True,Cardinals,49ers,ARI,SF,23,20,home,43,363,198,80,83,10,2016
True,Panthers,Chiefs,CAR,KC,17,20,away,37,242,165,99,91,10,2016
True,Eagles,Falcons,PHI,ATL,24,15,home,39,221,255,208,48,10,2016
True,Ravens,Browns,BAL,CLE,28,7,home,35,277,111,119,33,10,2016
True,Titans,Packers,TEN,GB,47,25,home,72,292,333,154,69,10,2016
True,Jaguars,Texans,JAC,HOU,21,24,away,45,247,92,80,181,10,2016
True,Saints,Broncos,NO,DEN,23,25,away,48,293,234,80,103,10,2016
True,Buccaneers,Bears,TB,CHI,36,10,home,46,280,161,80,122,10,2016
True,Giants,Bengals,NYG,CIN,21,20,home,41,229,186,122,78,10,2016
True,Seahawks,Eagles,SEA,PHI,26,15,home,41,287,195,152,113,11,2016
True,Browns,Steelers,CLE,PIT,9,24,away,33,176,167,33,146,11,2016
True,Redskins,Packers,WAS,GB,42,24,home,66,364,340,151,84,11,2016
True,Vikings,Cardinals,MIN,ARI,30,24,home,54,145,155,72,135,11,2016
True,Bengals,Bills,CIN,BUF,12,16,away,28,207,159,93,183,11,2016
True,49ers,Patriots,SF,NE,17,30,away,47,177,273,122,171,11,2016
True,Cowboys,Ravens,DAL,BAL,27,17,home,44,299,267,118,101,11,2016
True,Raiders,Texans,OAK,HOU,27,20,home,47,295,230,30,124,11,2016
True,Panthers,Saints,CAR,NO,23,20,home,43,173,264,50,107,11,2016
True,Lions,Jaguars,DET,JAC,26,19,home,45,263,202,14,83,11,2016
True,Rams,Dolphins,LA,MIA,10,14,away,24,125,142,102,98,11,2016
True,Chiefs,Buccaneers,KC,TB,17,19,away,36,261,326,82,116,11,2016
True,Colts,Titans,IND,TEN,24,17,home,41,251,254,76,97,11,2016
True,Giants,Bears,NYG,CHI,22,16,home,38,227,222,102,93,11,2016
True,Jets,Patriots,NYJ,NE,17,22,away,39,269,286,64,91,12,2016
True,Eagles,Packers,PHI,GB,13,27,away,40,211,313,81,74,12,2016
True,Falcons,Cardinals,ATL,ARI,38,19,home,57,244,274,116,58,12,2016
True,Saints,Rams,NO,LA,49,21,home,70,346,178,209,69,12,2016
True,Broncos,Chiefs,DEN,KC,27,30,away,57,340,190,124,83,12,2016
True,Texans,Chargers,HOU,SD,13,21,away,34,239,235,114,67,12,2016
True,Cowboys,Redskins,DAL,WAS,31,26,home,57,190,449,163,56,12,2016
True,Ravens,Bengals,BAL,CIN,19,14,home,33,219,261,92,64,12,2016
True,Bills,Jaguars,BUF,JAC,28,21,home,49,151,118,153,183,12,2016
True,Buccaneers,Seahawks,TB,SEA,14,5,home,19,220,118,118,127,12,2016
True,Dolphins,49ers,MIA,SF,31,24,home,55,263,282,95,193,12,2016
True,Browns,Giants,CLE,NYG,13,27,away,40,285,192,58,104,12,2016
True,Raiders,Panthers,OAK,CAR,35,32,home,67,310,229,56,129,12,2016
True,Bears,Titans,CHI,TEN,21,27,away,48,316,226,95,149,12,2016
True,Lions,Vikings,DET,MIN,16,13,home,29,214,224,94,82,12,2016
True,Colts,Steelers,IND,PIT,7,28,away,35,219,221,91,148,12,2016
True,Jets,Colts,NYJ,IND,10,41,away,51,214,282,36,139,13,2016
True,Cardinals,Redskins,ARI,WAS,31,23,home,54,281,246,88,87,13,2016
True,Jaguars,Broncos,JAC,DEN,10,20,away,30,179,102,154,104,13,2016
True,Ravens,Dolphins,BAL,MIA,38,6,home,44,386,215,110,62,13,2016
True,Packers,Texans,GB,HOU,21,13,home,34,200,184,109,123,13,2016
True,Falcons,Chiefs,ATL,KC,28,29,away,57,290,266,128,123,13,2016
True,Bears,49ers,CHI,SF,26,6,home,32,184,6,142,141,13,2016
True,Raiders,Bills,OAK,BUF,38,24,home,62,260,170,139,212,13,2016
True,Bengals,Eagles,CIN,PHI,32,14,home,46,332,306,80,53,13,2016
True,Chargers,Buccaneers,SD,TB,21,28,away,49,211,268,119,81,13,2016
True,Patriots,Rams,NE,LA,26,10,home,36,269,126,133,36,13,2016
True,Steelers,Giants,PIT,NYG,24,14,home,38,272,178,117,56,13,2016
True,Vikings,Cowboys,MIN,DAL,15,17,away,32,231,124,87,140,13,2016
True,Saints,Lions,NO,DET,13,28,away,41,319,337,50,85,13,2016
True,Seahawks,Panthers,SEA,CAR,40,7,home,47,294,182,240,89,13,2016
True,Patriots,Ravens,NE,BAL,30,23,home,53,401,306,95,42,14,2016
True,Eagles,Redskins,PHI,WAS,22,27,away,49,288,227,95,107,14,2016
True,Packers,Seahawks,GB,SEA,38,10,home,48,237,218,93,136,14,2016
True,Dolphins,Cardinals,MIA,ARI,26,23,home,49,231,125,83,175,14,2016
True,Buccaneers,Saints,TB,NO,16,11,home,27,166,248,104,46,14,2016
True,Titans,Broncos,TEN,DEN,13,10,home,23,73,330,180,18,14,2016
True,Chiefs,Raiders,KC,OAK,21,13,home,34,258,109,65,135,14,2016
True,Rams,Falcons,LA,ATL,14,42,away,56,208,220,104,66,14,2016
True,Lions,Bears,DET,CHI,20,17,home,37,209,204,114,92,14,2016
True,49ers,Jets,SF,NYJ,17,23,away,40,116,216,248,188,14,2016
True,Giants,Cowboys,NYG,DAL,10,7,home,17,167,152,93,108,14,2016
True,Bills,Steelers,BUF,PIT,20,27,away,47,208,220,67,240,14,2016
True,Panthers,Chargers,CAR,SD,28,16,home,44,146,220,126,58,14,2016
True,Jaguars,Vikings,JAC,MIN,16,25,away,41,230,292,85,85,14,2016
True,Colts,Texans,IND,HOU,17,22,away,39,265,131,83,185,14,2016
True,Browns,Bengals,CLE,CIN,10,23,away,33,85,147,169,213,14,2016
True,Vikings,Colts,MIN,IND,6,34,away,40,248,250,34,161,15,2016
True,Giants,Lions,NYG,DET,17,6,home,23,186,268,114,56,15,2016
True,Bengals,Steelers,CIN,PIT,20,24,away,44,146,285,76,97,15,2016
True,Seahawks,Rams,SEA,LA,24,3,home,27,227,136,72,47,15,2016
True,Chiefs,Titans,KC,TEN,17,19,away,36,159,241,157,148,15,2016
True,Cardinals,Saints,ARI,NO,41,48,away,89,309,358,116,130,15,2016
True,Redskins,Panthers,WAS,CAR,15,26,away,41,306,290,29,148,15,2016
True,Ravens,Eagles,BAL,PHI,27,26,home,53,189,159,151,169,15,2016
True,Bears,Packers,CHI,GB,27,30,away,57,354,225,95,226,15,2016
True,Texans,Jaguars,HOU,JAC,21,20,home,41,308,83,79,67,15,2016
True,Broncos,Patriots,DEN,NE,3,16,away,19,251,177,58,136,15,2016
True,Falcons,49ers,ATL,SF,41,13,home,54,302,165,248,107,15,2016
True,Chargers,Raiders,SD,OAK,16,19,away,35,190,200,73,145,15,2016
True,Jets,Dolphins,NYJ,MIA,13,34,away,47,244,236,116,67,15,2016
True,Bills,Browns,BUF,CLE,33,13,home,46,171,162,280,107,15,2016
True,Cowboys,Buccaneers,DAL,TB,26,20,home,46,264,224,185,52,15,2016
True,Packers,Vikings,GB,MIN,38,25,home,63,308,353,40,93,16,2016
True,Saints,Buccaneers,NO,TB,31,24,home,55,294,260,123,89,16,2016
True,Panthers,Falcons,CAR,ATL,16,33,away,49,183,256,119,152,16,2016
True,Bears,Redskins,CHI,WAS,21,41,away,62,318,270,140,208,16,2016
True,Jaguars,Titans,JAC,TEN,38,17,home,55,331,205,84,58,16,2016
True,Patriots,Jets,NE,NYJ,41,3,home,44,211,128,114,111,16,2016
True,Eagles,Giants,PHI,NYG,24,19,home,43,168,356,118,114,16,2016
True,Chiefs,Broncos,KC,DEN,33,10,home,43,246,183,238,63,16,2016
True,Steelers,Ravens,PIT,BAL,31,27,home,58,279,246,127,122,16,2016
True,Seahawks,Cardinals,SEA,ARI,31,34,away,65,313,276,78,94,16,2016
True,Rams,49ers,LA,SF,21,22,away,43,78,253,99,70,16,2016
True,Texans,Bengals,HOU,CIN,12,10,home,22,155,244,95,50,16,2016
True,Browns,Chargers,CLE,SD,20,17,home,37,127,322,124,34,16,2016
True,Raiders,Colts,OAK,IND,33,25,home,58,253,288,210,102,16,2016
True,Cowboys,Lions,DAL,DET,42,21,home,63,211,229,164,90,16,2016
True,Bills,Dolphins,BUF,MIA,31,34,away,65,317,233,272,261,16,2016
True,Steelers,Browns,PIT,CLE,27,24,home,51,243,206,69,231,17,2016
True,Vikings,Bears,MIN,CHI,38,10,home,48,250,140,124,183,17,2016
True,Dolphins,Patriots,MIA,NE,14,35,away,49,205,276,75,120,17,2016
True,Bengals,Ravens,CIN,BAL,27,10,home,37,218,263,153,72,17,2016
True,Buccaneers,Panthers,TB,CAR,17,16,home,33,188,207,112,128,17,2016
True,Titans,Texans,TEN,HOU,24,17,home,41,133,243,103,46,17,2016
True,Rams,Cardinals,LA,ARI,6,44,away,50,71,260,52,84,17,2016
True,Redskins,Giants,WAS,NYG,10,19,away,29,246,171,38,161,17,2016
True,Eagles,Cowboys,PHI,DAL,27,13,home,40,232,126,114,69,17,2016
True,Falcons,Saints,ATL,NO,38,32,home,70,323,341,142,132,17,2016
True,Jets,Bills,NYJ,BUF,30,10,home,40,202,162,127,68,17,2016
True,Broncos,Raiders,DEN,OAK,24,6,home,30,206,164,143,57,17,2016
True,Colts,Jaguars,IND,JAC,24,20,home,44,290,288,94,182,17,2016
True,49ers,Seahawks,SF,SEA,23,25,away,48,191,289,62,87,17,2016
True,Chargers,Chiefs,SD,KC,27,37,away,64,269,262,129,103,17,2016
True,Lions,Packers,DET,GB,24,31,away,55,332,295,76,153,17,2016
True,Broncos,Chargers,DEN,LAC,24,21,home,45,181,185,140,64,1,2017
False,Dolphins,Buccaneers,MIA,TB,0,0,0,0,0,0,0,0,1,2017
True,Browns,Steelers,CLE,PIT,18,21,away,39,180,255,57,35,1,2017
True,Bears,Falcons,CHI,ATL,17,23,away,40,176,308,125,64,1,2017
True,Redskins,Eagles,WAS,PHI,17,30,away,47,200,298,64,58,1,2017
True,Bills,Jets,BUF,NYJ,21,12,home,33,218,176,190,38,1,2017
True,Texans,Jaguars,HOU,JAC,7,29,away,36,110,125,93,155,1,2017
True,Cowboys,Giants,DAL,NYG,19,3,home,22,263,198,129,35,1,2017
True,Lions,Cardinals,DET,ARI,35,23,home,58,285,263,82,45,1,2017
True,Patriots,Chiefs,NE,KC,27,42,away,69,247,352,124,185,1,2017
True,Vikings,Saints,MIN,NO,29,19,home,48,341,284,129,60,1,2017
True,Titans,Raiders,TEN,OAK,16,26,away,42,255,250,95,109,1,2017
True,Rams,Colts,LA,IND,46,9,home,55,310,150,63,75,1,2017
True,Packers,Seahawks,GB,SEA,17,9,home,26,286,135,84,90,1,2017
True,Bengals,Ravens,CIN,BAL,0,20,away,20,144,111,77,157,1,2017
True,49ers,Panthers,SF,CAR,3,23,away,26,166,171,51,116,1,2017
True,Bengals,Texans,CIN,HOU,9,13,away,22,213,98,82,168,2,2017
True,Ravens,Browns,BAL,CLE,24,10,home,34,201,293,136,93,2,2017
True,Steelers,Vikings,PIT,MIN,26,9,home,35,233,146,102,91,2,2017
True,Raiders,Jets,OAK,NYJ,45,20,home,65,230,145,180,126,2,2017
True,Saints,Patriots,NO,NE,20,36,away,56,348,436,81,119,2,2017
True,Buccaneers,Bears,TB,CHI,29,7,home,36,194,290,117,20,2,2017
True,Jaguars,Titans,JAC,TEN,16,37,away,53,211,211,99,179,2,2017
True,Colts,Cardinals,IND,ARI,13,16,away,29,190,306,76,83,2,2017
True,Chiefs,Eagles,KC,PHI,27,20,home,47,232,299,112,107,2,2017
True,Broncos,Cowboys,DEN,DAL,42,17,home,59,202,228,178,40,2,2017
True,Panthers,Bills,CAR,BUF,9,3,home,12,178,107,77,69,2,2017
True,Falcons,Packers,ATL,GB,34,23,home,57,223,308,141,59,2,2017
True,Giants,Lions,NYG,DET,10,24,away,34,208,119,62,138,2,2017
True,Seahawks,49ers,SEA,SF,12,9,home,21,181,89,131,159,2,2017
True,Chargers,Dolphins,LAC,MIA,17,19,away,36,323,225,44,111,2,2017
True,Rams,Redskins,LA,WAS,20,27,away,47,235,156,97,229,2,2017
True,Titans,Seahawks,TEN,SEA,33,27,home,60,225,364,195,69,3,2017
True,Panthers,Saints,CAR,NO,13,34,away,47,156,213,132,149,3,2017
True,Packers,Bengals,GB,CIN,27,24,home,51,280,191,64,110,3,2017
True,Bills,Broncos,BUF,DEN,26,16,home,42,197,255,75,111,3,2017
True,Colts,Browns,IND,CLE,31,28,home,59,243,235,92,111,3,2017
True,Bears,Steelers,CHI,PIT,23,17,home,40,84,212,222,70,3,2017
True,Chargers,Chiefs,LAC,KC,10,24,away,34,226,122,104,189,3,2017
True,Cardinals,Cowboys,ARI,DAL,17,28,away,45,283,174,49,99,3,2017
True,Eagles,Giants,PHI,NYG,27,24,home,51,161,366,193,49,3,2017
True,49ers,Rams,SF,LA,39,41,away,80,308,292,113,126,3,2017
True,Patriots,Texans,NE,HOU,36,33,home,69,337,292,59,125,3,2017
True,Redskins,Raiders,WAS,OAK,27,10,home,37,356,96,116,32,3,2017
True,Jets,Dolphins,NYJ,MIA,20,6,home,26,233,195,103,30,3,2017
True,Lions,Falcons,DET,ATL,26,30,away,56,253,277,71,151,3,2017
True,Jaguars,Ravens,JAC,BAL,44,7,home,51,244,52,166,134,3,2017
True,Vikings,Buccaneers,MIN,TB,34,17,home,51,369,316,125,26,3,2017
True,Broncos,Raiders,DEN,OAK,16,10,home,26,155,230,143,24,4,2017
True,Packers,Bears,GB,CHI,35,14,home,49,169,205,91,103,4,2017
True,Browns,Bengals,CLE,CIN,7,31,away,38,170,264,45,86,4,2017
True,Falcons,Bills,ATL,BUF,17,23,away,40,242,164,147,117,4,2017
True,Ravens,Steelers,BAL,PIT,9,26,away,35,206,208,82,173,4,2017
True,Cardinals,49ers,ARI,SF,18,15,home,33,317,210,51,95,4,2017
True,Seahawks,Colts,SEA,IND,46,18,home,64,283,139,194,98,4,2017
True,Vikings,Lions,MIN,DET,7,14,away,21,197,154,87,97,4,2017
True,Dolphins,Saints,MIA,NO,0,20,away,20,128,261,58,86,4,2017
True,Jets,Jaguars,NYJ,JAC,23,20,home,43,215,136,256,175,4,2017
True,Texans,Titans,HOU,TEN,57,14,home,71,272,109,173,86,4,2017
True,Cowboys,Rams,DAL,LA,30,35,away,65,251,244,189,168,4,2017
True,Patriots,Panthers,NE,CAR,30,33,away,63,293,304,80,140,4,2017
True,Chargers,Eagles,LAC,PHI,24,26,away,50,342,240,58,214,4,2017
True,Chiefs,Redskins,KC,WAS,29,20,home,49,261,220,168,111,4,2017
True,Buccaneers,Giants,TB,NYG,25,23,home,48,323,288,111,91,4,2017
True,Colts,49ers,IND,SF,26,23,home,49,288,336,159,66,5,2017
True,Buccaneers,Patriots,TB,NE,14,19,away,33,319,289,90,113,5,2017
True,Giants,Chargers,NYG,LAC,22,27,away,49,183,258,152,124,5,2017
True,Dolphins,Titans,MIA,TEN,16,10,home,26,78,119,100,69,5,2017
True,Steelers,Jaguars,PIT,JAC,9,30,away,39,301,82,70,231,5,2017
True,Raiders,Ravens,OAK,BAL,17,30,away,47,137,222,108,143,5,2017
True,Bengals,Bills,CIN,BUF,20,16,home,36,323,139,65,82,5,2017
True,Rams,Seahawks,LA,SEA,10,16,away,26,275,179,100,62,5,2017
True,Cowboys,Packers,DAL,GB,31,35,away,66,245,182,163,160,5,2017
True,Eagles,Cardinals,PHI,ARI,34,7,home,41,297,276,122,31,5,2017
True,Bears,Vikings,CHI,MIN,17,20,away,37,159,141,115,159,5,2017
True,Texans,Chiefs,HOU,KC,34,42,away,76,248,323,144,127,5,2017
True,Browns,Jets,CLE,NYJ,14,17,away,31,279,178,140,34,5,2017
True,Lions,Panthers,DET,CAR,24,27,away,51,192,334,50,28,5,2017
True,Cardinals,Buccaneers,ARI,TB,38,33,home,71,272,344,160,70,6,2017
True,Redskins,49ers,WAS,SF,26,24,home,50,325,250,94,85,6,2017
True,Jaguars,Rams,JAC,LA,17,27,away,44,220,107,169,142,6,2017
True,Ravens,Bears,BAL,CHI,24,27,away,51,166,111,125,231,6,2017
True,Broncos,Giants,DEN,NYG,10,23,away,33,366,118,46,148,6,2017
True,Texans,Browns,HOU,CLE,33,17,home,50,217,113,123,134,6,2017
True,Saints,Lions,NO,DET,52,38,home,90,186,281,193,66,6,2017
True,Vikings,Packers,MIN,GB,23,10,home,33,239,155,112,72,6,2017
True,Titans,Colts,TEN,IND,36,22,home,58,305,212,168,85,6,2017
True,Chiefs,Steelers,KC,PIT,13,19,away,32,223,245,28,194,6,2017
True,Panthers,Eagles,CAR,PHI,23,28,away,51,225,209,80,101,6,2017
True,Falcons,Dolphins,ATL,MIA,17,20,away,37,239,151,100,138,6,2017
True,Raiders,Chargers,OAK,LAC,16,17,away,33,165,263,109,80,6,2017
True,Jets,Patriots,NYJ,NE,17,24,away,41,334,257,74,118,6,2017
True,Patriots,Falcons,NE,ATL,23,7,home,30,241,223,162,120,7,2017
True,Steelers,Bengals,PIT,CIN,29,14,home,43,268,108,152,71,7,2017
True,Vikings,Ravens,MIN,BAL,24,16,home,40,188,144,169,64,7,2017
True,Bills,Buccaneers,BUF,TB,30,27,home,57,261,378,173,69,7,2017
True,Colts,Jaguars,IND,JAC,0,27,away,27,136,330,96,188,7,2017
True,Dolphins,Jets,MIA,NYJ,31,28,home,59,304,180,53,92,7,2017
True,Eagles,Redskins,PHI,WAS,34,24,home,58,244,269,127,75,7,2017
True,49ers,Cowboys,SF,DAL,10,40,away,50,187,236,103,265,7,2017
True,Rams,Cardinals,LA,ARI,33,0,home,33,228,171,197,25,7,2017
True,Packers,Saints,GB,NO,17,26,away,43,79,324,181,161,7,2017
True,Giants,Seahawks,NYG,SEA,7,24,away,31,131,321,46,104,7,2017
True,Raiders,Chiefs,OAK,KC,31,30,home,61,417,331,88,94,7,2017
True,Chargers,Broncos,LAC,DEN,21,0,home,21,162,182,80,69,7,2017
True,Bears,Panthers,CHI,CAR,17,3,home,20,85,185,68,108,7,2017
True,Browns,Titans,CLE,TEN,9,12,away,21,218,189,66,80,7,2017
True,Jets,Falcons,NYJ,ATL,20,25,away,45,236,246,43,140,8,2017
True,Ravens,Dolphins,BAL,MIA,40,0,home,40,121,151,174,45,8,2017
True,Seahawks,Texans,SEA,HOU,41,38,home,79,446,367,33,142,8,2017
True,Bengals,Colts,CIN,IND,24,23,home,47,218,216,58,115,8,2017
True,Buccaneers,Panthers,TB,CAR,3,17,away,20,194,154,85,100,8,2017
True,Bills,Raiders,BUF,OAK,34,14,home,48,165,313,166,54,8,2017
True,Patriots,Chargers,NE,LAC,21,13,home,34,317,192,97,157,8,2017
True,Redskins,Cowboys,WAS,DAL,19,33,away,52,236,138,49,169,8,2017
True,Saints,Bears,NO,CHI,20,12,home,32,286,150,101,157,8,2017
True,Lions,Steelers,DET,PIT,15,20,away,35,411,317,71,75,8,2017
True,Chiefs,Broncos,KC,DEN,29,19,home,48,197,187,79,177,8,2017
True,Eagles,49ers,PHI,SF,33,10,home,43,192,144,112,94,8,2017
True,Browns,Vikings,CLE,MIN,16,33,away,49,161,287,115,88,8,2017
True,Cowboys,Chiefs,DAL,KC,28,17,home,45,244,255,131,68,9,2017
True,Packers,Lions,GB,DET,17,30,away,47,233,353,78,64,9,2017
True,Jaguars,Bengals,JAC,CIN,23,7,home,30,259,119,149,29,9,2017
True,Eagles,Broncos,PHI,DEN,51,23,home,74,222,191,197,35,9,2017
True,Seahawks,Redskins,SEA,WAS,14,17,away,31,289,193,148,51,9,2017
True,Panthers,Falcons,CAR,ATL,20,17,home,37,129,302,201,53,9,2017
True,Titans,Ravens,TEN,BAL,23,20,home,43,186,268,71,73,9,2017
True,Texans,Colts,HOU,IND,14,20,away,34,194,279,94,92,9,2017
True,Giants,Rams,NYG,LA,17,51,away,68,208,311,111,162,9,2017
True,Dolphins,Raiders,MIA,OAK,24,27,away,51,309,295,86,84,9,2017
True,Saints,Buccaneers,NO,TB,30,10,home,40,256,113,151,87,9,2017
True,49ers,Cardinals,SF,ARI,10,20,away,30,266,201,63,167,9,2017
True,Jets,Bills,NYJ,BUF,34,21,home,55,137,244,194,63,9,2017
True,Rams,Texans,LA,HOU,33,7,home,40,339,194,104,89,10,2017
True,Bears,Packers,CHI,GB,16,23,away,39,268,182,55,160,10,2017
True,Broncos,Patriots,DEN,NE,16,41,away,57,221,297,118,99,10,2017
True,Redskins,Vikings,WAS,MIN,30,38,away,68,313,304,81,102,10,2017
True,Bills,Saints,BUF,NO,10,47,away,57,129,184,69,298,10,2017
True,Titans,Bengals,TEN,CIN,24,20,home,44,236,255,180,53,10,2017
True,Colts,Steelers,IND,PIT,17,20,away,37,196,228,71,88,10,2017
True,Cardinals,Seahawks,ARI,SEA,16,22,away,38,256,212,34,75,10,2017
True,Falcons,Cowboys,ATL,DAL,27,7,home,34,204,126,132,107,10,2017
True,Lions,Browns,DET,CLE,38,24,home,62,241,212,104,201,10,2017
True,Panthers,Dolphins,CAR,MIA,45,21,home,66,254,213,294,100,10,2017
True,Buccaneers,Jets,TB,NYJ,15,10,home,25,181,219,90,56,10,2017
True,Jaguars,Chargers,JAC,LAC,20,17,home,37,263,235,135,87,10,2017
True,49ers,Giants,SF,NYG,31,21,home,52,288,260,186,114,10,2017
True,Chargers,Bills,LAC,BUF,54,24,home,78,283,220,146,173,11,2017
True,Seahawks,Falcons,SEA,ATL,31,34,away,65,224,190,136,89,11,2017
True,Cowboys,Eagles,DAL,PHI,9,37,away,46,113,168,112,215,11,2017
True,Saints,Redskins,NO,WAS,34,31,home,65,375,300,160,156,11,2017
True,Giants,Chiefs,NYG,KC,12,9,home,21,205,229,112,134,11,2017
True,Packers,Ravens,GB,BAL,0,23,away,23,190,161,75,58,11,2017
True,Steelers,Titans,PIT,TEN,40,17,home,57,284,264,65,52,11,2017
True,Vikings,Rams,MIN,LA,24,7,home,31,280,209,171,45,11,2017
True,Dolphins,Buccaneers,MIA,TB,20,30,away,50,365,268,83,53,11,2017
True,Raiders,Patriots,OAK,NE,8,33,away,41,235,332,109,89,11,2017
True,Browns,Jaguars,CLE,JAC,7,19,away,26,134,145,50,139,11,2017
True,Broncos,Bengals,DEN,CIN,17,20,away,37,229,141,112,49,11,2017
True,Bears,Lions,CHI,DET,24,27,away,51,176,287,222,65,11,2017
True,Texans,Cardinals,HOU,ARI,31,21,home,52,223,244,134,48,11,2017
True,Raiders,Broncos,OAK,DEN,21,14,home,35,244,160,104,56,12,2017
True,Chiefs,Bills,KC,BUF,10,16,away,26,181,164,55,104,12,2017
True,Jets,Panthers,NYJ,CAR,27,35,away,62,282,154,109,145,12,2017
True,Cowboys,Chargers,DAL,LAC,6,28,away,34,168,434,79,81,12,2017
True,Steelers,Packers,PIT,GB,31,28,home,59,341,227,121,80,12,2017
True,Rams,Saints,LA,NO,26,20,home,46,327,223,88,123,12,2017
True,Eagles,Bears,PHI,CHI,31,3,home,34,244,134,176,6,12,2017
True,49ers,Seahawks,SF,SEA,13,24,away,37,196,228,84,90,12,2017
True,Bengals,Browns,CIN,CLE,30,16,home,46,209,236,152,169,12,2017
True,Colts,Titans,IND,TEN,16,20,away,36,165,184,89,92,12,2017
True,Redskins,Giants,WAS,NYG,20,10,home,30,201,86,122,84,12,2017
True,Ravens,Texans,BAL,HOU,23,16,home,39,155,237,139,66,12,2017
True,Cardinals,Jaguars,ARI,JAC,27,24,home,51,236,128,108,91,12,2017
True,Patriots,Dolphins,NE,MIA,35,17,home,52,221,154,196,67,12,2017
True,Falcons,Buccaneers,ATL,TB,34,20,home,54,368,279,148,94,12,2017
True,Lions,Vikings,DET,MIN,23,30,away,53,236,272,53,136,12,2017
True,Dolphins,Broncos,MIA,DEN,35,9,home,44,222,167,145,103,13,2017
True,Cowboys,Redskins,DAL,WAS,38,14,home,52,93,224,182,56,13,2017
True,Saints,Panthers,NO,CAR,31,21,home,52,252,167,148,112,13,2017
True,Bears,49ers,CHI,SF,14,15,away,29,85,278,62,110,13,2017
True,Bills,Patriots,BUF,NE,3,23,away,26,85,244,183,191,13,2017
True,Jets,Chiefs,NYJ,KC,38,31,home,69,331,362,157,112,13,2017
True,Raiders,Giants,OAK,NYG,24,17,home,41,282,200,119,65,13,2017
True,Cardinals,Rams,ARI,LA,16,32,away,48,187,213,118,90,13,2017
True,Seahawks,Eagles,SEA,PHI,24,10,home,34,209,327,101,98,13,2017
True,Titans,Texans,TEN,HOU,24,13,home,37,146,331,198,53,13,2017
True,Falcons,Vikings,ATL,MIN,9,14,away,23,173,207,102,105,13,2017
True,Chargers,Browns,LAC,CLE,19,10,home,29,335,202,94,89,13,2017
True,Ravens,Lions,BAL,DET,44,20,home,64,269,294,101,78,13,2017
True,Packers,Buccaneers,GB,TB,26,20,home,46,77,230,199,165,13,2017
True,Jaguars,Colts,JAC,IND,30,10,home,40,330,149,96,141,13,2017
True,Bengals,Steelers,CIN,PIT,20,23,away,43,223,282,130,92,13,2017
True,Buccaneers,Lions,TB,DET,21,24,away,45,267,381,133,53,14,2017
True,Bills,Colts,BUF,IND,13,7,home,20,92,64,227,163,14,2017
True,Steelers,Ravens,PIT,BAL,39,38,home,77,486,261,59,152,14,2017
True,Chiefs,Raiders,KC,OAK,26,15,home,41,243,198,165,70,14,2017
True,Falcons,Saints,ATL,NO,20,17,home,37,211,256,132,50,14,2017
True,Cardinals,Titans,ARI,TEN,12,7,home,19,125,139,136,65,14,2017
True,Bengals,Bears,CIN,CHI,7,33,away,40,164,250,70,232,14,2017
True,Dolphins,Patriots,MIA,NE,27,20,home,47,242,223,120,25,14,2017
True,Giants,Cowboys,NYG,DAL,10,30,away,40,228,332,102,122,14,2017
True,Rams,Eagles,LA,PHI,35,43,away,78,198,316,109,139,14,2017
True,Broncos,Jets,DEN,NYJ,23,0,home,23,189,41,84,59,14,2017
True,Panthers,Vikings,CAR,MIN,31,24,home,55,129,256,216,100,14,2017
True,Browns,Packers,CLE,GB,21,27,away,48,209,256,136,85,14,2017
True,Chargers,Redskins,LAC,WAS,30,13,home,43,314,136,174,65,14,2017
True,Jaguars,Seahawks,JAC,SEA,30,24,home,54,268,260,156,141,14,2017
True,Texans,49ers,HOU,SF,16,26,away,42,221,314,90,102,14,2017
True,Lions,Bears,DET,CHI,20,10,home,30,202,306,91,43,15,2017
True,Saints,Jets,NO,NYJ,31,19,home,50,281,170,131,124,15,2017
True,Buccaneers,Falcons,TB,ATL,21,24,away,45,289,209,84,201,15,2017
True,Panthers,Packers,CAR,GB,31,24,home,55,236,264,151,120,15,2017
True,Giants,Eagles,NYG,PHI,29,34,away,63,429,233,75,108,15,2017
True,49ers,Titans,SF,TEN,25,23,home,48,363,238,51,90,15,2017
True,Bills,Dolphins,BUF,MIA,24,16,home,40,212,249,116,100,15,2017
True,Seahawks,Rams,SEA,LA,7,42,away,49,71,108,78,244,15,2017
True,Browns,Ravens,CLE,BAL,10,27,away,37,136,279,130,97,15,2017
True,Chiefs,Chargers,KC,LAC,30,13,home,43,223,209,174,98,15,2017
True,Redskins,Cardinals,WAS,ARI,20,15,home,35,187,145,31,141,15,2017
True,Raiders,Cowboys,OAK,DAL,17,20,away,37,171,204,122,126,15,2017
True,Colts,Broncos,IND,DEN,13,25,away,38,158,251,70,211,15,2017
True,Steelers,Patriots,PIT,NE,24,27,away,51,270,283,143,77,15,2017
True,Vikings,Bengals,MIN,CIN,34,7,home,41,222,115,124,46,15,2017
True,Jaguars,Texans,JAC,HOU,45,7,home,52,326,99,138,87,15,2017
True,Packers,Vikings,GB,MIN,0,16,away,16,126,124,113,112,16,2017
True,49ers,Jaguars,SF,JAC,44,33,home,77,238,380,131,92,16,2017
True,Cowboys,Seahawks,DAL,SEA,12,21,away,33,154,60,128,76,16,2017
True,Panthers,Buccaneers,CAR,TB,22,19,home,41,140,326,115,66,16,2017
True,Jets,Chargers,NYJ,LAC,7,14,away,21,98,290,197,89,16,2017
True,Cardinals,Giants,ARI,NYG,23,0,home,23,215,250,74,43,16,2017
True,Texans,Steelers,HOU,PIT,6,34,away,40,51,226,176,104,16,2017
True,Redskins,Broncos,WAS,DEN,27,11,home,38,299,171,87,159,16,2017
True,Bears,Browns,CHI,CLE,20,3,home,23,161,178,97,76,16,2017
True,Chiefs,Dolphins,KC,MIA,29,13,home,42,301,286,103,59,16,2017
True,Ravens,Colts,BAL,IND,23,16,home,39,220,203,103,93,16,2017
True,Eagles,Raiders,PHI,OAK,19,10,home,29,138,137,78,137,16,2017
True,Saints,Falcons,NO,ATL,23,13,home,36,229,264,86,67,16,2017
True,Bengals,Lions,CIN,DET,26,17,home,43,222,189,142,87,16,2017
True,Patriots,Bills,NE,BUF,37,16,home,53,218,242,193,84,16,2017
True,Titans,Rams,TEN,LA,23,27,away,50,269,286,97,116,16,2017
True,Vikings,Bears,MIN,CHI,23,10,home,33,180,171,147,30,17,2017
True,Colts,Texans,IND,HOU,22,13,home,35,104,124,146,85,17,2017
True,Lions,Packers,DET,GB,35,11,home,46,305,153,51,103,17,2017
True,Titans,Jaguars,TEN,JAC,15,10,home,25,116,146,116,83,17,2017
True,Patriots,Jets,NE,NYJ,26,6,home,32,183,207,147,40,17,2017
True,Eagles,Cowboys,PHI,DAL,0,6,away,6,149,172,70,129,17,2017
True,Ravens,Bengals,BAL,CIN,27,31,away,58,194,213,118,146,17,2017
True,Giants,Redskins,NYG,WAS,18,10,home,28,121,136,260,61,17,2017
True,Rams,49ers,LA,SF,13,34,away,47,149,292,102,169,17,2017
True,Seahawks,Cardinals,SEA,ARI,24,26,away,50,195,143,101,116,17,2017
True,Steelers,Browns,PIT,CLE,28,24,home,52,224,272,124,102,17,2017
True,Chargers,Raiders,LAC,OAK,30,10,home,40,380,231,115,105,17,2017
True,Falcons,Panthers,ATL,CAR,22,10,home,32,311,161,60,87,17,2017
True,Broncos,Chiefs,DEN,KC,24,27,away,51,226,269,110,110,17,2017
True,Dolphins,Bills,MIA,BUF,16,22,away,38,263,186,93,126,17,2017
True,Buccaneers,Saints,TB,NO,31,24,home,55,345,231,110,92,17,2017
True,Colts,Bengals,IND,CIN,23,34,away,57,305,229,75,101,1,2018
True,Saints,Buccaneers,NO,TB,40,48,away,88,432,417,43,112,1,2018
True,Dolphins,Titans,MIA,TEN,27,20,home,47,222,220,120,116,1,2018
True,Raiders,Rams,OAK,LA,13,33,away,46,300,225,95,140,1,2018
True,Cardinals,Redskins,ARI,WAS,6,24,away,30,145,247,68,182,1,2018
True,Vikings,49ers,MIN,SF,24,16,home,40,227,237,116,90,1,2018
True,Broncos,Seahawks,DEN,SEA,27,24,home,51,324,242,146,64,1,2018
True,Giants,Jaguars,NYG,JAC,15,20,away,35,210,168,114,137,1,2018
True,Packers,Bears,GB,CHI,24,23,home,47,301,155,69,139,1,2018
True,Lions,Jets,DET,NYJ,17,48,away,65,300,180,39,169,1,2018
True,Chargers,Chiefs,LAC,KC,28,38,away,66,418,256,123,106,1,2018
True,Eagles,Falcons,PHI,ATL,18,12,home,30,119,225,113,74,1,2018
True,Ravens,Bills,BAL,BUF,47,3,home,50,252,70,117,83,1,2018
True,Panthers,Cowboys,CAR,DAL,16,8,home,24,146,138,147,94,1,2018
True,Patriots,Texans,NE,HOU,27,20,home,47,267,158,122,167,1,2018
True,Browns,Steelers,CLE,PIT,21,21,tie,42,150,313,177,159,1,2018
True,Jaguars,Patriots,JAC,NE,31,20,home,51,376,220,104,82,2,2018
True,Broncos,Raiders,DEN,OAK,20,19,home,39,217,281,168,92,2,2018
True,Steelers,Chiefs,PIT,KC,37,42,away,79,442,322,33,127,2,2018
True,Bengals,Ravens,CIN,BAL,34,23,home,57,265,359,108,66,2,2018
True,Cowboys,Giants,DAL,NYG,20,13,home,33,160,220,138,35,2,2018
True,Redskins,Colts,WAS,IND,9,21,away,30,269,177,65,104,2,2018
True,Buccaneers,Eagles,TB,PHI,27,21,home,48,393,321,43,91,2,2018
True,Jets,Dolphins,NYJ,MIA,12,20,away,32,320,122,42,135,2,2018
True,Titans,Texans,TEN,HOU,20,17,home,37,183,289,100,148,2,2018
True,Bills,Chargers,BUF,LAC,20,31,away,51,209,240,84,109,2,2018
True,Falcons,Panthers,ATL,CAR,31,24,home,55,272,318,170,121,2,2018
True,Rams,Cardinals,LA,ARI,34,0,home,34,342,83,90,54,2,2018
True,Packers,Vikings,GB,MIN,29,29,tie,58,253,412,98,68,2,2018
True,Saints,Browns,NO,CLE,21,18,home,39,213,234,62,93,2,2018
True,49ers,Lions,SF,DET,30,27,home,57,156,329,190,98,2,2018
True,Bears,Seahawks,CHI,SEA,24,17,home,41,185,202,86,74,2,2018
True,Panthers,Bengals,CAR,CIN,31,21,home,52,147,330,230,66,3,2018
True,Lions,Patriots,DET,NE,26,10,home,36,255,120,159,89,3,2018
True,Falcons,Saints,ATL,NO,37,43,away,80,359,391,48,143,3,2018
True,Ravens,Broncos,BAL,DEN,27,14,home,41,265,173,77,120,3,2018
True,Jaguars,Titans,JAC,TEN,6,9,away,15,145,83,87,150,3,2018
True,Browns,Jets,CLE,NYJ,21,17,home,38,190,161,133,107,3,2018
True,Rams,Chargers,LA,LAC,35,23,home,58,350,215,171,141,3,2018
True,Vikings,Bills,MIN,BUF,6,27,away,33,278,164,14,128,3,2018
True,Chiefs,49ers,KC,SF,38,27,home,65,307,228,77,178,3,2018
True,Cardinals,Bears,ARI,CHI,14,16,away,30,168,194,53,122,3,2018
True,Eagles,Colts,PHI,IND,20,16,home,36,227,141,152,68,3,2018
True,Buccaneers,Steelers,TB,PIT,27,30,away,57,392,335,63,78,3,2018
True,Seahawks,Cowboys,SEA,DAL,24,13,home,37,182,137,113,166,3,2018
True,Dolphins,Raiders,MIA,OAK,28,20,home,48,332,325,41,109,3,2018
True,Redskins,Packers,WAS,GB,31,17,home,48,220,240,166,100,3,2018
True,Texans,Giants,HOU,NYG,22,27,away,49,368,265,59,114,3,2018
True,Patriots,Dolphins,NE,MIA,38,7,home,45,274,116,175,56,4,2018
True,Cowboys,Lions,DAL,DET,26,24,home,50,231,286,183,96,4,2018
True,Bears,Buccaneers,CHI,TB,48,10,home,58,344,251,139,60,4,2018
True,Giants,Saints,NYG,NO,18,33,away,51,234,219,65,170,4,2018
True,Chargers,49ers,LAC,SF,29,27,home,56,242,288,126,76,4,2018
True,Falcons,Bengals,ATL,CIN,36,37,away,73,403,308,92,99,4,2018
True,Jaguars,Jets,JAC,NYJ,31,12,home,43,377,144,126,34,4,2018
True,Colts,Texans,IND,HOU,34,37,away,71,437,347,41,119,4,2018
True,Rams,Vikings,LA,MIN,38,31,home,69,456,392,100,54,4,2018
True,Packers,Bills,GB,BUF,22,0,home,22,282,87,141,58,4,2018
True,Raiders,Browns,OAK,CLE,45,42,home,87,426,279,139,208,4,2018
True,Titans,Eagles,TEN,PHI,26,23,home,49,327,315,70,117,4,2018
True,Broncos,Chiefs,DEN,KC,23,27,away,50,226,304,159,142,4,2018
True,Cardinals,Seahawks,ARI,SEA,17,20,away,37,171,160,92,171,4,2018
True,Steelers,Ravens,PIT,BAL,14,26,away,40,265,355,19,96,4,2018
True,Chiefs,Jaguars,KC,JAC,30,14,home,44,298,401,126,101,5,2018
True,Texans,Cowboys,HOU,DAL,19,16,home,35,374,194,88,98,5,2018
True,Browns,Ravens,CLE,BAL,12,9,home,21,304,294,112,116,5,2018
True,Lions,Packers,DET,GB,31,23,home,54,170,423,94,98,5,2018
True,Saints,Redskins,NO,WAS,43,19,home,62,349,244,98,39,5,2018
True,Bengals,Dolphins,CIN,MIA,27,17,home,44,229,169,103,128,5,2018
True,49ers,Cardinals,SF,ARI,18,28,away,46,300,164,147,56,5,2018
True,Seahawks,Rams,SEA,LA,31,33,away,64,183,313,190,155,5,2018
True,Bills,Titans,BUF,TEN,13,12,home,25,79,121,144,100,5,2018
True,Panthers,Giants,CAR,NYG,33,31,home,64,232,382,118,50,5,2018
True,Eagles,Vikings,PHI,MIN,21,23,away,44,283,298,81,77,5,2018
True,Jets,Broncos,NYJ,DEN,34,16,home,50,189,344,323,92,5,2018
True,Patriots,Colts,NE,IND,38,24,home,62,341,355,97,84,5,2018
True,Steelers,Falcons,PIT,ATL,41,17,home,58,250,262,131,62,5,2018
True,Chargers,Raiders,LAC,OAK,26,10,home,36,333,248,79,41,5,2018
True,Patriots,Chiefs,NE,KC,43,40,home,83,327,352,173,94,6,2018
True,Giants,Eagles,NYG,PHI,13,34,away,47,254,271,147,108,6,2018
True,Titans,Ravens,TEN,BAL,0,21,away,21,51,238,55,123,6,2018
True,Raiders,Seahawks,OAK,SEA,3,27,away,30,106,214,79,155,6,2018
True,Jets,Colts,NYJ,IND,42,34,home,76,267,301,107,127,6,2018
True,Browns,Chargers,CLE,LAC,14,38,away,52,214,203,103,246,6,2018
True,Dolphins,Bears,MIA,CHI,31,28,home,59,380,303,161,164,6,2018
True,Falcons,Buccaneers,ATL,TB,34,29,home,63,347,389,70,121,6,2018
True,Packers,49ers,GB,SF,33,30,home,63,405,227,116,174,6,2018
True,Broncos,Rams,DEN,LA,20,23,away,43,297,174,60,270,6,2018
True,Vikings,Cardinals,MIN,ARI,27,17,home,44,216,208,195,60,6,2018
True,Texans,Bills,HOU,BUF,20,13,home,33,142,129,74,100,6,2018
True,Cowboys,Jaguars,DAL,JAC,40,7,home,47,172,139,206,65,6,2018
True,Bengals,Steelers,CIN,PIT,21,28,away,49,213,369,62,112,6,2018
True,Redskins,Panthers,WAS,CAR,23,17,home,40,156,269,132,81,6,2018
True,Falcons,Giants,ATL,NYG,23,20,home,43,356,372,67,61,7,2018
True,Redskins,Cowboys,WAS,DAL,20,17,home,37,175,250,130,73,7,2018
True,Bears,Patriots,CHI,NE,31,38,away,69,319,273,134,108,7,2018
True,Buccaneers,Browns,TB,CLE,26,23,home,49,342,186,114,119,7,2018
True,Jaguars,Texans,JAC,HOU,7,20,away,27,189,131,70,141,7,2018
True,Jets,Vikings,NYJ,MIN,17,37,away,54,192,228,71,88,7,2018
True,49ers,Rams,SF,LA,10,39,away,49,121,193,107,146,7,2018
True,Colts,Bills,IND,BUF,37,5,home,42,156,168,220,135,7,2018
True,Chargers,Titans,LAC,TEN,20,19,home,39,297,226,47,164,7,2018
True,Cardinals,Broncos,ARI,DEN,10,45,away,55,154,178,69,131,7,2018
True,Dolphins,Lions,MIA,DET,21,32,away,53,215,209,107,248,7,2018
True,Eagles,Panthers,PHI,CAR,17,21,away,38,284,250,58,121,7,2018
True,Ravens,Saints,BAL,NO,23,24,away,47,274,205,77,134,7,2018
True,Chiefs,Bengals,KC,CIN,45,10,home,55,353,174,198,65,7,2018
True,Raiders,Colts,OAK,IND,28,42,away,70,244,239,103,222,8,2018
True,Chiefs,Broncos,KC,DEN,30,23,home,53,291,222,49,189,8,2018
True,Rams,Packers,LA,GB,29,27,home,56,281,253,135,106,8,2018
True,Texans,Dolphins,HOU,MIA,42,23,home,65,239,254,188,116,8,2018
True,Bills,Patriots,BUF,NE,6,25,away,31,287,311,46,76,8,2018
True,Steelers,Browns,PIT,CLE,33,18,home,51,253,163,168,74,8,2018
True,Bengals,Buccaneers,CIN,TB,37,34,home,71,264,450,138,126,8,2018
True,Jaguars,Eagles,JAC,PHI,18,24,away,42,265,262,70,133,8,2018
True,Cardinals,49ers,ARI,SF,18,15,home,33,233,160,88,107,8,2018
True,Panthers,Ravens,CAR,BAL,36,21,home,57,232,224,154,101,8,2018
True,Giants,Redskins,NYG,WAS,13,20,away,33,266,178,37,182,8,2018
True,Vikings,Saints,MIN,NO,20,30,away,50,338,164,85,106,8,2018
True,Bears,Jets,CHI,NYJ,24,10,home,34,216,150,179,57,8,2018
True,Lions,Seahawks,DET,SEA,14,28,away,42,297,237,34,176,8,2018
True,Seahawks,Chargers,SEA,LAC,17,25,away,42,202,215,154,160,9,2018
True,Bills,Bears,BUF,CHI,9,41,away,50,166,126,98,64,9,2018
True,49ers,Raiders,SF,OAK,34,3,home,37,262,140,143,102,9,2018
True,Browns,Chiefs,CLE,KC,21,37,away,58,286,360,102,139,9,2018
True,Panthers,Buccaneers,CAR,TB,42,28,home,70,228,219,179,82,9,2018
True,Patriots,Packers,NE,GB,31,17,home,48,310,250,123,117,9,2018
True,Dolphins,Jets,MIA,NYJ,13,6,home,19,104,202,64,80,9,2018
True,Saints,Rams,NO,LA,45,35,home,80,346,391,141,92,9,2018
True,Redskins,Falcons,WAS,ATL,14,38,away,52,287,337,79,154,9,2018
True,Broncos,Texans,DEN,HOU,17,19,away,36,273,192,75,98,9,2018
True,Cowboys,Titans,DAL,TEN,14,28,away,42,225,215,72,125,9,2018
True,Ravens,Steelers,BAL,PIT,16,23,away,39,204,282,61,113,9,2018
True,Vikings,Lions,MIN,DET,24,9,home,33,155,143,128,66,9,2018
True,49ers,Giants,SF,NYG,23,27,away,50,250,180,124,97,10,2018
True,Packers,Dolphins,GB,MIA,31,12,home,43,182,163,195,131,10,2018
True,Jets,Bills,NYJ,BUF,10,41,away,51,116,239,83,212,10,2018
True,Titans,Patriots,TEN,NE,34,10,home,44,235,244,150,40,10,2018
True,Raiders,Chargers,OAK,LAC,6,20,away,26,203,222,114,113,10,2018
True,Bengals,Saints,CIN,NO,14,51,away,65,174,265,110,244,10,2018
True,Steelers,Panthers,PIT,CAR,52,21,home,73,319,147,138,95,10,2018
True,Chiefs,Cardinals,KC,ARI,26,14,home,40,212,166,118,94,10,2018
True,Buccaneers,Redskins,TB,WAS,3,16,away,19,398,170,103,116,10,2018
True,Bears,Lions,CHI,DET,34,22,home,56,348,229,54,76,10,2018
True,Browns,Falcons,CLE,ATL,28,16,home,44,216,311,211,71,10,2018
True,Rams,Seahawks,LA,SEA,36,31,home,67,307,141,149,273,10,2018
True,Colts,Jaguars,IND,JAC,29,26,home,55,285,324,81,91,10,2018
True,Eagles,Cowboys,PHI,DAL,20,27,away,47,350,239,71,171,10,2018
True,Redskins,Texans,WAS,HOU,21,23,away,44,154,181,124,139,11,2018
True,Cardinals,Raiders,ARI,OAK,21,23,away,44,128,173,154,152,11,2018
True,Ravens,Bengals,BAL,CIN,24,21,home,45,136,207,267,48,11,2018
True,Bears,Vikings,CHI,MIN,25,20,home,45,160,246,148,22,11,2018
True,Rams,Chiefs,LA,KC,54,51,home,105,379,448,76,98,11,2018
True,Colts,Titans,IND,TEN,38,10,home,48,295,176,102,87,11,2018
True,Jaguars,Steelers,JAC,PIT,16,20,away,36,64,297,179,26,11,2018
True,Lions,Panthers,DET,CAR,20,19,home,39,215,331,94,56,11,2018
True,Chargers,Broncos,LAC,DEN,22,23,away,45,384,217,95,108,11,2018
True,Saints,Eagles,NO,PHI,48,7,home,55,373,138,173,58,11,2018
True,Falcons,Cowboys,ATL,DAL,19,22,away,41,274,191,80,132,11,2018
True,Seahawks,Packers,SEA,GB,27,24,home,51,205,311,173,48,11,2018
True,Giants,Buccaneers,NYG,TB,38,35,home,73,196,359,163,151,11,2018
True,Ravens,Raiders,BAL,OAK,34,17,home,51,174,182,242,67,12,2018
True,Jets,Patriots,NYJ,NE,13,27,away,40,264,283,74,215,12,2018
True,Texans,Titans,HOU,TEN,34,17,home,51,181,260,281,105,12,2018
True,Chargers,Cardinals,LAC,ARI,45,10,home,55,236,87,178,62,12,2018
True,Eagles,Giants,PHI,NYG,25,22,home,47,214,276,127,126,12,2018
True,Lions,Bears,DET,CHI,16,23,away,39,222,226,111,38,12,2018
True,Colts,Dolphins,IND,MIA,27,24,home,51,337,201,118,113,12,2018
True,Buccaneers,49ers,TB,SF,27,9,home,36,304,194,108,148,12,2018
True,Bengals,Browns,CIN,CLE,20,35,away,55,243,258,129,84,12,2018
True,Broncos,Steelers,DEN,PIT,24,17,home,41,184,452,124,75,12,2018
True,Saints,Falcons,NO,ATL,31,17,home,48,162,340,150,26,12,2018
True,Panthers,Seahawks,CAR,SEA,27,30,away,57,256,322,220,75,12,2018
True,Bills,Jaguars,BUF,JAC,24,21,home,45,160,107,167,226,12,2018
True,Cowboys,Redskins,DAL,WAS,31,23,home,54,258,251,146,80,12,2018
True,Vikings,Packers,MIN,GB,24,17,home,41,325,172,91,82,12,2018
True,Giants,Bears,NYG,CHI,30,27,home,57,197,258,141,118,13,2018
True,Falcons,Ravens,ATL,BAL,16,26,away,42,97,159,34,207,13,2018
True,Raiders,Chiefs,OAK,KC,33,40,away,73,271,295,171,174,13,2018
True,Packers,Cardinals,GB,ARI,17,20,away,37,227,133,98,182,13,2018
True,Lions,Rams,DET,LA,16,30,away,46,208,195,102,149,13,2018
True,Bengals,Broncos,CIN,DEN,10,24,away,34,202,143,111,218,13,2018
True,Seahawks,49ers,SEA,SF,43,16,home,59,163,386,168,66,13,2018
True,Titans,Jets,TEN,NYJ,26,22,home,48,273,124,130,156,13,2018
True,Steelers,Chargers,PIT,LAC,30,33,away,63,271,286,65,85,13,2018
True,Cowboys,Saints,DAL,NO,13,10,home,23,209,111,99,65,13,2018
True,Dolphins,Bills,MIA,BUF,21,17,home,38,115,217,60,198,13,2018
True,Texans,Browns,HOU,CLE,29,13,home,42,197,397,187,31,13,2018
True,Jaguars,Colts,JAC,IND,6,0,home,6,132,224,79,41,13,2018
True,Eagles,Redskins,PHI,WAS,28,13,home,41,306,131,130,104,13,2018
True,Buccaneers,Panthers,TB,CAR,24,17,home,41,220,276,95,168,13,2018
True,Patriots,Vikings,NE,MIN,24,10,home,34,311,183,160,95,13,2018
True,Cardinals,Lions,ARI,DET,3,17,away,20,218,96,61,122,14,2018
True,Browns,Panthers,CLE,CAR,26,20,home,46,232,297,116,96,14,2018
True,49ers,Broncos,SF,DEN,20,14,home,34,305,171,84,103,14,2018
True,Buccaneers,Saints,TB,NO,14,28,away,42,174,198,105,100,14,2018
True,Seahawks,Vikings,SEA,MIN,21,7,home,28,60,199,214,77,14,2018
True,Redskins,Giants,WAS,NYG,16,40,away,56,204,175,84,227,14,2018
True,Texans,Colts,HOU,IND,21,24,away,45,226,386,89,50,14,2018
True,Bears,Rams,CHI,LA,15,6,home,21,100,162,194,52,14,2018
True,Titans,Jaguars,TEN,JAC,30,9,home,39,162,195,264,60,14,2018
True,Chiefs,Ravens,KC,BAL,27,24,home,51,348,127,94,194,14,2018
True,Chargers,Bengals,LAC,CIN,26,21,home,47,203,151,85,144,14,2018
True,Packers,Falcons,GB,ATL,34,20,home,54,162,237,138,107,14,2018
True,Bills,Jets,BUF,NYJ,23,27,away,50,192,170,176,78,14,2018
True,Dolphins,Patriots,MIA,NE,34,33,home,67,223,344,189,77,14,2018
True,Cowboys,Eagles,DAL,PHI,29,23,home,52,434,222,142,34,14,2018
True,Raiders,Steelers,OAK,PIT,24,21,home,45,299,300,55,40,14,2018
True,Giants,Titans,NYG,TEN,0,17,away,17,213,86,47,215,15,2018
True,Broncos,Browns,DEN,CLE,16,17,away,33,238,175,32,134,15,2018
True,Steelers,Patriots,PIT,NE,17,10,home,27,218,272,158,96,15,2018
True,Ravens,Buccaneers,BAL,TB,20,12,home,32,128,156,242,85,15,2018
True,Bears,Packers,CHI,GB,24,17,home,41,232,235,100,88,15,2018
True,Jets,Texans,NYJ,HOU,22,29,away,51,228,239,90,47,15,2018
True,Panthers,Saints,CAR,NO,9,12,away,21,149,191,98,155,15,2018
True,Bills,Lions,BUF,DET,14,13,home,27,195,208,117,105,15,2018
True,Vikings,Dolphins,MIN,MIA,41,17,home,58,198,37,220,156,15,2018
True,Bengals,Raiders,CIN,OAK,30,16,home,46,123,229,171,68,15,2018
True,Falcons,Cardinals,ATL,ARI,40,14,home,54,220,193,215,60,15,2018
True,Chiefs,Chargers,KC,LAC,28,29,away,57,234,288,60,119,15,2018
True,Rams,Eagles,LA,PHI,23,30,away,53,325,270,82,111,15,2018
True,Colts,Cowboys,IND,DAL,23,0,home,23,192,180,178,112,15,2018
True,Jaguars,Redskins,JAC,WAS,13,16,away,29,20,136,172,109,15,2018
True,49ers,Seahawks,SF,SEA,26,23,home,49,257,217,94,168,15,2018
True,Titans,Redskins,TEN,WAS,25,16,home,41,192,131,99,161,16,2018
True,Saints,Steelers,NO,PIT,31,28,home,59,313,364,57,65,16,2018
True,Seahawks,Chiefs,SEA,KC,38,31,home,69,254,265,210,154,16,2018
True,Lions,Vikings,DET,MIN,9,27,away,36,137,240,86,100,16,2018
True,Raiders,Broncos,OAK,DEN,27,14,home,41,159,200,114,100,16,2018
True,Panthers,Falcons,CAR,ATL,10,24,away,34,295,233,141,194,16,2018
True,Chargers,Ravens,LAC,BAL,10,22,away,32,147,202,51,159,16,2018
True,Colts,Giants,IND,NYG,28,27,home,55,353,309,49,83,16,2018
True,Jets,Packers,NYJ,GB,38,44,away,82,323,413,47,127,16,2018
True,Cowboys,Buccaneers,DAL,TB,27,20,home,47,152,320,80,63,16,2018
True,Cardinals,Rams,ARI,LA,9,31,away,40,159,192,104,269,16,2018
True,Browns,Bengals,CLE,CIN,26,18,home,44,347,107,146,102,16,2018
True,Patriots,Bills,NE,BUF,24,12,home,36,117,217,273,72,16,2018
True,Eagles,Texans,PHI,HOU,32,30,home,62,462,309,57,62,16,2018
True,Dolphins,Jaguars,MIA,JAC,7,17,away,24,121,118,62,126,16,2018
True,49ers,Bears,SF,CHI,9,14,away,23,232,235,47,90,16,2018
True,Vikings,Bears,MIN,CHI,10,24,away,34,101,163,63,169,17,2018
True,Ravens,Browns,BAL,CLE,26,24,home,50,167,376,296,50,17,2018
True,Patriots,Jets,NE,NYJ,38,3,home,41,244,135,131,104,17,2018
True,Titans,Colts,TEN,IND,17,33,away,50,165,278,93,158,17,2018
True,Seahawks,Cardinals,SEA,ARI,27,24,home,51,109,113,182,85,17,2018
True,Broncos,Chargers,DEN,LAC,9,23,away,32,288,160,82,116,17,2018
True,Packers,Lions,GB,DET,0,31,away,31,129,272,46,130,17,2018
True,Buccaneers,Falcons,TB,ATL,32,34,away,66,341,380,92,109,17,2018
True,Rams,49ers,LA,SF,48,32,home,80,222,264,155,127,17,2018
True,Redskins,Eagles,WAS,PHI,0,24,away,24,68,231,21,129,17,2018
True,Texans,Jaguars,HOU,JAC,20,3,home,23,208,89,134,30,17,2018
True,Giants,Cowboys,NYG,DAL,35,36,away,71,298,368,143,51,17,2018
True,Bills,Dolphins,BUF,MIA,42,17,home,59,215,126,166,99,17,2018
True,Chiefs,Raiders,KC,OAK,35,3,home,38,310,165,99,127,17,2018
True,Saints,Panthers,NO,CAR,14,33,away,47,110,263,184,111,17,2018
True,Steelers,Bengals,PIT,CIN,16,13,home,29,278,71,65,125,17,2018
True,Browns,Titans,CLE,TEN,13,43,away,56,244,216,102,123,1,2019
True,Dolphins,Ravens,MIA,BAL,10,59,away,69,179,378,21,265,1,2019
True,Raiders,Broncos,OAK,DEN,24,16,home,40,259,249,98,95,1,2019
True,Saints,Texans,NO,HOU,30,28,home,58,362,234,148,180,1,2019
True,Seahawks,Bengals,SEA,CIN,21,20,home,41,160,395,72,34,1,2019
True,Patriots,Steelers,NE,PIT,33,3,home,36,366,276,99,32,1,2019
True,Buccaneers,49ers,TB,SF,17,31,away,48,174,158,121,98,1,2019
True,Jets,Bills,NYJ,BUF,16,17,away,33,155,242,68,128,1,2019
True,Chargers,Colts,LAC,IND,30,24,home,54,310,173,125,203,1,2019
True,Eagles,Redskins,PHI,WAS,32,27,home,59,313,370,123,28,1,2019
True,Cardinals,Lions,ARI,DET,27,27,tie,54,275,361,112,116,1,2019
True,Jaguars,Chiefs,JAC,KC,26,40,away,66,347,378,81,113,1,2019
True,Panthers,Rams,CAR,LA,27,30,away,57,216,183,127,166,1,2019
True,Vikings,Falcons,MIN,ATL,28,12,home,40,97,272,172,73,1,2019
True,Bears,Packers,CHI,GB,3,10,away,13,208,166,46,47,1,2019
True,Cowboys,Giants,DAL,NYG,35,17,home,52,405,319,89,151,1,2019
True,Lions,Chargers,DET,LAC,13,10,home,23,245,287,94,137,2,2019
True,Broncos,Bears,DEN,CHI,14,16,away,30,282,120,90,153,2,2019
True,Panthers,Buccaneers,CAR,TB,14,20,away,34,313,189,39,100,2,2019
True,Titans,Colts,TEN,IND,17,19,away,36,119,121,124,167,2,2019
True,Falcons,Eagles,ATL,PHI,24,20,home,44,310,237,57,49,2,2019
True,Redskins,Cowboys,WAS,DAL,21,31,away,52,208,261,47,213,2,2019
True,Steelers,Seahawks,PIT,SEA,26,28,away,54,180,274,81,151,2,2019
True,Packers,Vikings,GB,MIN,21,16,home,37,191,223,144,198,2,2019
True,Raiders,Chiefs,OAK,KC,10,28,away,38,178,436,129,31,2,2019
True,Jets,Browns,NYJ,CLE,3,23,away,26,169,305,93,70,2,2019
True,Giants,Bills,NYG,BUF,14,28,away,42,241,237,129,151,2,2019
True,Texans,Jaguars,HOU,JAC,13,12,home,25,137,178,126,103,2,2019
True,Ravens,Cardinals,BAL,ARI,23,17,home,40,258,329,182,20,2,2019
True,Rams,Saints,LA,NO,27,9,home,36,265,187,115,57,2,2019
True,Bengals,49ers,CIN,SF,17,41,away,58,291,312,25,259,2,2019
True,Dolphins,Patriots,MIA,NE,0,43,away,43,142,255,42,124,2,2019
True,Buccaneers,Giants,TB,NYG,31,32,away,63,355,312,144,72,3,2019
True,49ers,Steelers,SF,PIT,24,20,home,44,268,160,168,79,3,2019
True,Packers,Broncos,GB,DEN,27,16,home,43,235,161,77,149,3,2019
True,Colts,Falcons,IND,ATL,27,24,home,51,300,304,79,93,3,2019
True,Browns,Rams,CLE,LA,13,20,away,33,175,254,95,90,3,2019
True,Chiefs,Ravens,KC,BAL,33,28,home,61,363,249,140,203,3,2019
True,Chargers,Texans,LAC,HOU,20,27,away,47,293,337,73,39,3,2019
True,Bills,Bengals,BUF,CIN,21,17,home,38,241,240,175,66,3,2019
True,Patriots,Jets,NE,NYJ,30,14,home,44,313,69,68,36,3,2019
True,Redskins,Bears,WAS,CHI,15,31,away,46,287,208,69,90,3,2019
True,Eagles,Lions,PHI,DET,24,27,away,51,246,201,127,86,3,2019
True,Cardinals,Panthers,ARI,CAR,20,38,away,58,127,240,121,173,3,2019
True,Jaguars,Titans,JAC,TEN,20,7,home,27,204,249,88,91,3,2019
True,Vikings,Raiders,MIN,OAK,34,14,home,48,174,214,211,88,3,2019
True,Seahawks,Saints,SEA,NO,27,33,away,60,406,177,108,88,3,2019
True,Cowboys,Dolphins,DAL,MIA,31,6,home,37,241,211,235,72,3,2019
True,Rams,Buccaneers,LA,TB,40,55,away,95,490,376,28,88,4,2019
True,Texans,Panthers,HOU,CAR,10,16,away,26,128,203,136,94,4,2019
True,Ravens,Browns,BAL,CLE,25,40,away,65,222,337,173,193,4,2019
True,Lions,Chiefs,DET,KC,30,34,away,64,261,315,186,123,4,2019
True,Bills,Patriots,BUF,NE,10,16,away,26,240,150,135,74,4,2019
True,Dolphins,Chargers,MIA,LAC,10,30,away,40,161,311,72,79,4,2019
True,Colts,Raiders,IND,OAK,24,31,away,55,265,189,81,188,4,2019
True,Saints,Cowboys,NO,DAL,12,10,home,22,149,212,117,45,4,2019
True,Cardinals,Seahawks,ARI,SEA,10,27,away,37,206,225,115,115,4,2019
True,Bears,Vikings,CHI,MIN,16,6,home,22,197,182,72,40,4,2019
True,Packers,Eagles,GB,PHI,27,34,away,61,414,160,77,176,4,2019
True,Broncos,Jaguars,DEN,JAC,24,26,away,50,303,186,68,269,4,2019
True,Falcons,Titans,ATL,TEN,10,24,away,34,364,227,58,138,4,2019
True,Steelers,Bengals,PIT,CIN,27,3,home,30,260,102,66,73,4,2019
True,Giants,Redskins,NYG,WAS,24,3,home,27,225,121,164,55,4,2019
True,49ers,Browns,SF,CLE,31,3,home,34,171,78,275,102,5,2019
True,Titans,Bills,TEN,BUF,7,14,away,21,150,204,102,109,5,2019
True,Texans,Falcons,HOU,ATL,53,32,home,85,426,316,166,57,5,2019
True,Chargers,Broncos,LAC,DEN,13,20,away,33,211,159,35,191,5,2019
True,Seahawks,Rams,SEA,LA,30,29,home,59,262,395,167,82,5,2019
True,Steelers,Ravens,PIT,BAL,23,26,away,49,192,139,77,138,5,2019
True,Cowboys,Packers,DAL,GB,24,34,away,58,441,215,122,120,5,2019
True,Redskins,Patriots,WAS,NE,7,33,away,40,78,312,145,130,5,2019
True,Bengals,Cardinals,CIN,ARI,23,26,away,49,262,248,108,266,5,2019
True,Panthers,Jaguars,CAR,JAC,34,27,home,61,160,358,285,149,5,2019
True,Saints,Buccaneers,NO,TB,31,24,home,55,345,158,112,94,5,2019
True,Eagles,Jets,PHI,NYJ,31,6,home,37,181,61,84,67,5,2019
True,Raiders,Bears,OAK,CHI,24,21,home,45,229,194,169,42,5,2019
True,Chiefs,Colts,KC,IND,13,19,away,32,288,151,36,180,5,2019
True,Giants,Vikings,NYG,MIN,10,28,away,38,147,279,64,211,5,2019
True,Chargers,Steelers,LAC,PIT,17,24,away,41,316,132,32,124,6,2019
True,Chiefs,Texans,KC,HOU,24,31,away,55,256,280,53,192,6,2019
True,Packers,Lions,GB,DET,23,22,home,45,277,243,170,56,6,2019
True,Browns,Seahawks,CLE,SEA,28,32,away,60,249,284,157,170,6,2019
True,Jets,Cowboys,NYJ,DAL,24,22,home,46,326,270,56,129,6,2019
True,Patriots,Giants,NE,NYG,35,14,home,49,313,161,114,52,6,2019
True,Rams,49ers,LA,SF,7,20,away,27,48,232,109,99,6,2019
True,Ravens,Bengals,BAL,CIN,23,17,home,40,228,217,269,33,6,2019
True,Jaguars,Saints,JAC,NO,6,13,away,19,151,222,75,104,6,2019
True,Broncos,Titans,DEN,TEN,16,0,home,16,167,165,103,39,6,2019
True,Buccaneers,Panthers,TB,CAR,26,37,away,63,365,209,42,59,6,2019
True,Vikings,Eagles,MIN,PHI,38,20,home,58,325,292,122,108,6,2019
True,Cardinals,Falcons,ARI,ATL,34,33,home,67,340,341,102,103,6,2019
True,Dolphins,Redskins,MIA,WAS,16,17,away,33,187,166,84,145,6,2019
True,Packers,Raiders,GB,OAK,42,24,home,66,421,329,60,155,7,2019
True,Bills,Dolphins,BUF,MIA,31,21,home,52,188,272,117,109,7,2019
True,Bears,Saints,CHI,NO,25,36,away,61,235,273,17,151,7,2019
True,Falcons,Rams,ATL,LA,10,37,away,47,186,291,38,90,7,2019
True,Lions,Vikings,DET,MIN,30,42,away,72,352,338,81,166,7,2019
True,Cowboys,Eagles,DAL,PHI,37,10,home,47,213,168,189,115,7,2019
True,Colts,Texans,IND,HOU,30,23,home,53,321,291,62,100,7,2019
True,Jets,Patriots,NYJ,NE,0,33,away,33,73,249,81,74,7,2019
True,Giants,Cardinals,NYG,ARI,21,27,away,48,156,89,107,156,7,2019
True,Titans,Chargers,TEN,LAC,23,20,home,43,306,326,97,39,7,2019
True,Broncos,Chiefs,DEN,KC,6,30,away,36,134,191,71,80,7,2019
True,Redskins,49ers,WAS,SF,0,9,away,9,50,146,104,137,7,2019
True,Seahawks,Ravens,SEA,BAL,16,30,away,46,241,141,106,199,7,2019
True,Bengals,Jaguars,CIN,JAC,17,27,away,44,258,244,33,216,7,2019
True,Falcons,Seahawks,ATL,SEA,20,27,away,47,441,171,69,151,8,2019
True,Colts,Broncos,IND,DEN,15,13,home,28,191,166,127,113,8,2019
True,49ers,Panthers,SF,CAR,51,13,home,64,156,100,232,130,8,2019
True,Saints,Cardinals,NO,ARI,31,9,home,40,373,197,137,40,8,2019
True,Bears,Chargers,CHI,LAC,16,17,away,33,226,195,162,36,8,2019
True,Steelers,Dolphins,PIT,MIA,27,14,home,41,236,170,158,60,8,2019
True,Rams,Bengals,LA,CIN,24,10,home,34,372,297,98,104,8,2019
True,Jaguars,Jets,JAC,NYJ,29,15,home,44,278,167,111,46,8,2019
True,Lions,Giants,DET,NYG,31,26,home,57,316,290,59,80,8,2019
True,Texans,Raiders,HOU,OAK,27,24,home,51,258,285,130,93,8,2019
True,Titans,Buccaneers,TEN,TB,27,23,home,50,174,283,72,106,8,2019
True,Vikings,Redskins,MIN,WAS,19,9,home,28,273,131,161,85,8,2019
True,Chiefs,Packers,KC,GB,24,31,away,55,249,256,88,118,8,2019
True,Bills,Eagles,BUF,PHI,13,31,away,44,155,153,98,218,8,2019
True,Patriots,Browns,NE,CLE,27,13,home,40,239,151,79,159,8,2019
True,Ravens,Patriots,BAL,NE,37,20,home,57,162,268,210,74,9,2019
True,Eagles,Bears,PHI,CHI,22,14,home,36,227,102,146,62,9,2019
True,Chiefs,Vikings,KC,MIN,26,23,home,49,230,212,147,96,9,2019
True,Bills,Redskins,BUF,WAS,24,9,home,33,146,116,122,127,9,2019
True,Broncos,Browns,DEN,CLE,24,19,home,43,175,261,127,90,9,2019
True,Steelers,Colts,PIT,IND,26,24,home,50,183,189,90,139,9,2019
True,Chargers,Packers,LAC,GB,26,11,home,37,283,139,159,45,9,2019
True,Dolphins,Jets,MIA,NYJ,26,18,home,44,266,238,50,83,9,2019
True,Panthers,Titans,CAR,TEN,30,20,home,50,214,310,156,121,9,2019
True,Jaguars,Texans,JAC,HOU,3,26,away,29,282,194,75,216,9,2019
True,Seahawks,Buccaneers,SEA,TB,40,34,home,74,347,319,145,99,9,2019
True,Giants,Cowboys,NYG,DAL,18,37,away,55,171,257,100,172,9,2019
True,Cardinals,49ers,ARI,SF,25,28,away,53,204,310,153,101,9,2019
True,Raiders,Lions,OAK,DET,31,24,home,55,279,383,171,90,9,2019
True,Bengals,Ravens,CIN,BAL,13,49,away,62,150,243,157,136,10,2019
True,Browns,Bills,CLE,BUF,19,16,home,35,221,260,147,84,10,2019
True,Saints,Falcons,NO,ATL,9,26,away,35,258,174,52,143,10,2019
True,Colts,Dolphins,IND,MIA,12,16,away,28,191,159,109,70,10,2019
True,Cowboys,Vikings,DAL,MIN,24,28,away,52,393,211,50,153,10,2019
True,Jets,Giants,NYJ,NYG,34,27,home,61,218,258,76,23,10,2019
True,Raiders,Chargers,OAK,LAC,26,24,home,50,200,169,78,146,10,2019
True,Titans,Chiefs,TEN,KC,35,32,home,67,146,433,225,97,10,2019
True,Steelers,Rams,PIT,LA,17,12,home,29,231,218,42,88,10,2019
True,Packers,Panthers,GB,CAR,24,16,home,40,225,281,163,120,10,2019
True,Buccaneers,Cardinals,TB,ARI,30,27,home,57,339,342,118,75,10,2019
True,49ers,Seahawks,SF,SEA,24,27,away,51,215,189,87,147,10,2019
True,Bears,Lions,CHI,DET,20,13,home,33,145,259,81,98,10,2019
True,Lions,Cowboys,DET,DAL,27,35,away,62,191,434,121,75,11,2019
True,Browns,Steelers,CLE,PIT,21,7,home,28,189,178,104,58,11,2019
True,Colts,Jaguars,IND,JAC,33,13,home,46,125,279,264,29,11,2019
True,49ers,Cardinals,SF,ARI,36,26,home,62,408,131,34,135,11,2019
True,Rams,Bears,LA,CHI,17,7,home,24,173,193,110,74,11,2019
True,Vikings,Broncos,MIN,DEN,27,23,home,50,284,270,37,124,11,2019
True,Chargers,Chiefs,LAC,KC,17,24,away,41,345,180,93,130,11,2019
True,Ravens,Texans,BAL,HOU,41,7,home,48,235,110,256,122,11,2019
True,Redskins,Jets,WAS,NYJ,17,34,away,51,171,285,54,115,11,2019
True,Eagles,Patriots,PHI,NE,10,17,away,27,174,224,81,74,11,2019
True,Panthers,Falcons,CAR,ATL,3,29,away,32,270,295,77,54,11,2019
True,Dolphins,Bills,MIA,BUF,20,37,away,57,280,256,23,168,11,2019
True,Buccaneers,Saints,TB,NO,17,34,away,51,298,219,36,109,11,2019
True,Raiders,Bengals,OAK,CIN,17,10,home,27,273,73,113,173,11,2019
True,Falcons,Buccaneers,ATL,TB,16,28,away,44,233,313,57,119,12,2019
False,49ers,Packers,SF,GB,0,0,0,0,0,0,0,0,12,2019
False,Rams,Ravens,LA,BAL,0,0,0,0,0,0,0,0,12,2019
True,Browns,Dolphins,CLE,MIA,34,17,home,51,320,153,119,68,12,2019
True,Bears,Giants,CHI,NYG,19,14,home,33,263,105,69,109,12,2019
True,Eagles,Seahawks,PHI,SEA,3,17,away,20,116,161,106,170,12,2019
True,Patriots,Cowboys,NE,DAL,0,0,tie,0,0,0,0,0,12,2019
True,Saints,Panthers,NO,CAR,31,30,home,61,209,217,111,98,12,2019
True,Jets,Raiders,NYJ,OAK,34,3,home,37,313,140,90,69,12,2019
True,Bills,Broncos,BUF,DEN,20,3,home,23,185,82,226,85,12,2019
True,Titans,Jaguars,TEN,JAC,0,0,tie,0,0,0,0,0,12,2019
True,Redskins,Lions,WAS,DET,13,16,away,29,113,180,74,175,12,2019
True,Texans,Colts,HOU,IND,20,17,home,37,297,121,99,175,12,2019
True,Bengals,Steelers,CIN,PIT,10,13,away,23,158,179,86,112,12,2019
False,Cowboys,Bills,DAL,BUF,0,0,0,0,0,0,0,0,13,2019
False,Chiefs,Raiders,KC,OAK,0,0,0,0,0,0,0,0,13,2019
False,Dolphins,Eagles,MIA,PHI,0,0,0,0,0,0,0,0,13,2019
False,Bengals,Jets,CIN,NYJ,0,0,0,0,0,0,0,0,13,2019
False,Falcons,Saints,ATL,NO,0,0,0,0,0,0,0,0,13,2019
False,Seahawks,Vikings,SEA,MIN,0,0,0,0,0,0,0,0,13,2019
False,Colts,Titans,IND,TEN,0,0,0,0,0,0,0,0,13,2019
False,Texans,Patriots,HOU,NE,0,0,0,0,0,0,0,0,13,2019
False,Cardinals,Rams,ARI,LA,0,0,0,0,0,0,0,0,13,2019
False,Broncos,Chargers,DEN,LAC,0,0,0,0,0,0,0,0,13,2019
False,Steelers,Browns,PIT,CLE,0,0,0,0,0,0,0,0,13,2019
False,Panthers,Redskins,CAR,WAS,0,0,0,0,0,0,0,0,13,2019
False,Giants,Packers,NYG,GB,0,0,0,0,0,0,0,0,13,2019
False,Ravens,49ers,BAL,SF,0,0,0,0,0,0,0,0,13,2019
False,Lions,Bears,DET,CHI,0,0,0,0,0,0,0,0,13,2019
False,Jaguars,Buccaneers,JAC,TB,0,0,0,0,0,0,0,0,13,2019
False,Bears,Cowboys,CHI,DAL,0,0,0,0,0,0,0,0,14,2019
False,Raiders,Titans,OAK,TEN,0,0,0,0,0,0,0,0,14,2019
False,Packers,Redskins,GB,WAS,0,0,0,0,0,0,0,0,14,2019
False,Vikings,Lions,MIN,DET,0,0,0,0,0,0,0,0,14,2019
False,Patriots,Chiefs,NE,KC,0,0,0,0,0,0,0,0,14,2019
False,Falcons,Panthers,ATL,CAR,0,0,0,0,0,0,0,0,14,2019
False,Saints,49ers,NO,SF,0,0,0,0,0,0,0,0,14,2019
False,Browns,Bengals,CLE,CIN,0,0,0,0,0,0,0,0,14,2019
False,Buccaneers,Colts,TB,IND,0,0,0,0,0,0,0,0,14,2019
False,Cardinals,Steelers,ARI,PIT,0,0,0,0,0,0,0,0,14,2019
False,Eagles,Giants,PHI,NYG,0,0,0,0,0,0,0,0,14,2019
False,Texans,Broncos,HOU,DEN,0,0,0,0,0,0,0,0,14,2019
False,Jets,Dolphins,NYJ,MIA,0,0,0,0,0,0,0,0,14,2019
False,Jaguars,Chargers,JAC,LAC,0,0,0,0,0,0,0,0,14,2019
False,Bills,Ravens,BUF,BAL,0,0,0,0,0,0,0,0,14,2019
False,Rams,Seahawks,LA,SEA,0,0,0,0,0,0,0,0,14,2019
